{
    "RandomForest": {
        "accuracy": 0.9595532238957523,
        "precision": 0.9855072463768116,
        "recall": 0.2222222222222222,
        "f1": 0.3626666666666667,
        "roc_auc": 0.8532240548072403,
        "cv_roc_auc": 0.8277946121542791
    },
    "LogisticRegression": {
        "accuracy": 0.8942291419867998,
        "precision": 0.26440177252584934,
        "recall": 0.5849673202614379,
        "f1": 0.3641912512716175,
        "roc_auc": 0.8129433461765931,
        "cv_roc_auc": 0.7961890546344632
    },
    "GradientBoosting": {
        "accuracy": 0.969030292773735,
        "precision": 0.9694656488549618,
        "recall": 0.4150326797385621,
        "f1": 0.5812356979405034,
        "roc_auc": 0.874197296266356,
        "cv_roc_auc": 0.8463186301553044
    }
}